{"coefficients": [[-4.193694391045607e-19, -1.0167874346743338e-11, -5.851470727974374e-10, 4.879614617715087e-10]], "intercept": [-1.996987722319525e-19]}